<?xml version="1.0" encoding="UTF-8"?>
<project-private xmlns="http://www.netbeans.org/ns/project-private/1">
    <editor-bookmarks xmlns="http://www.netbeans.org/ns/editor-bookmarks/2" lastBookmarkId="0"/>
    <open-files xmlns="http://www.netbeans.org/ns/projectui-open-files/2">
        <group>
            <file>file:/C:/Users/hp/Desktop/Employee-Management-System-master/Employee-Management-System/src/Employeee/Junior_Engineer.java</file>
            <file>file:/C:/Users/hp/Desktop/Employee-Management-System-master/Employee-Management-System/src/Employeee/Group_Employee.java</file>
            <file>file:/C:/Users/hp/Desktop/Employee-Management-System-master/Employee-Management-System/src/Employeee/Team_Leader.java</file>
            <file>file:/C:/Users/hp/Desktop/Employee-Management-System-master/Employee-Management-System/src/Employeee/Others_Group.java</file>
            <file>file:/C:/Users/hp/Desktop/Employee-Management-System-master/Employee-Management-System/src/Employeee/Project_Manager.java</file>
            <file>file:/C:/Users/hp/Desktop/Employee-Management-System-master/Employee-Management-System/src/Employeee/login.java</file>
            <file>file:/C:/Users/hp/Desktop/Employee-Management-System-master/Employee-Management-System/src/Employeee/Senior_Engineer.java</file>
        </group>
    </open-files>
</project-private>
